Title,Company,Location,Apply
Full Stack Developer,Azurreo,Tunisia,https://tn.linkedin.com/jobs/view/full-stack-developer-at-azurreo-3902430278?position=1&pageNum=0&refId=5KTFC%2FiYNoyRUUtZUZ596g%3D%3D&trackingId=ji42OUIrbEhimXOmNm7qaA%3D%3D&trk=public_jobs_jserp-result_search-card
React Developer,Cerebital,Tunisia,https://tn.linkedin.com/jobs/view/react-developer-at-cerebital-3818188606?position=2&pageNum=0&refId=5KTFC%2FiYNoyRUUtZUZ596g%3D%3D&trackingId=DjgwiCJZ6HURIlfPsAXNOA%3D%3D&trk=public_jobs_jserp-result_search-card
Front-End Developer TN,Simera,"Tunis, Tunis, Tunisia",https://tn.linkedin.com/jobs/view/front-end-developer-tn-at-simera-3913787593?position=3&pageNum=0&refId=5KTFC%2FiYNoyRUUtZUZ596g%3D%3D&trackingId=fabEakMaMoAWF1OQrq%2FEFg%3D%3D&trk=public_jobs_jserp-result_search-card
Frontend developer,InstaDeep,"Tunis, Tunis, Tunisia",https://tn.linkedin.com/jobs/view/frontend-developer-at-instadeep-3934923795?position=4&pageNum=0&refId=5KTFC%2FiYNoyRUUtZUZ596g%3D%3D&trackingId=TevCdwl7Bix5CWJpKQEKww%3D%3D&trk=public_jobs_jserp-result_search-card
Frontend Developer,InstaDeep,"Tunis, Tunisia",https://tn.linkedin.com/jobs/view/frontend-developer-at-instadeep-3931622219?position=5&pageNum=0&refId=5KTFC%2FiYNoyRUUtZUZ596g%3D%3D&trackingId=jGDNcG05JQ5B2NQOk1SMHA%3D%3D&trk=public_jobs_jserp-result_search-card
Python Developer,Cerebital,Tunisia,https://tn.linkedin.com/jobs/view/python-developer-at-cerebital-3857226635?position=6&pageNum=0&refId=5KTFC%2FiYNoyRUUtZUZ596g%3D%3D&trackingId=jUO%2B1Mm8Jj1xcy9GtFFXkg%3D%3D&trk=public_jobs_jserp-result_search-card
Full Stack Developer - Tunisia,Yeah! Global,"Tunis, Tunis, Tunisia",https://tn.linkedin.com/jobs/view/full-stack-developer-tunisia-at-yeah%21-global-3923207300?position=7&pageNum=0&refId=5KTFC%2FiYNoyRUUtZUZ596g%3D%3D&trackingId=Y4TuvtssiLT8OUlGHbnpdw%3D%3D&trk=public_jobs_jserp-result_search-card
Developpeur Java JEE,Amaris Consulting,"Tunis, Tunis, Tunisia",https://tn.linkedin.com/jobs/view/d%C3%A9veloppeur-java-jee-at-amaris-consulting-3929515903?position=8&pageNum=0&refId=5KTFC%2FiYNoyRUUtZUZ596g%3D%3D&trackingId=VCzQezbt3eEmHqJFAWxjGg%3D%3D&trk=public_jobs_jserp-result_search-card
Software Engineer,Infor,"Tunis, Tunisia",https://tn.linkedin.com/jobs/view/software-engineer-at-infor-3909958271?position=9&pageNum=0&refId=5KTFC%2FiYNoyRUUtZUZ596g%3D%3D&trackingId=LLPAXgekBu9eTf4vuLDIqA%3D%3D&trk=public_jobs_jserp-result_search-card
Software Developer (m/f/d),PASS Consulting Group,"Tunis, Tunis, Tunisia",https://tn.linkedin.com/jobs/view/software-developer-m-f-d-at-pass-consulting-group-3890943036?position=10&pageNum=0&refId=5KTFC%2FiYNoyRUUtZUZ596g%3D%3D&trackingId=AL0HXq6rEKgo2Qipgs6DZA%3D%3D&trk=public_jobs_jserp-result_search-card
Java Developer TN,Simera,"Tunis, Tunis, Tunisia",https://tn.linkedin.com/jobs/view/java-developer-tn-at-simera-3917667144?position=1&pageNum=1&refId=mE5OJpSErO3fcoc6eUpYfw%3D%3D&trackingId=c8B2KSGA8iL2%2BP3EIILVPQ%3D%3D&trk=public_jobs_jserp-result_search-card
Software Engineer,Infor,"Tunis, Tunisia",https://tn.linkedin.com/jobs/view/software-engineer-at-infor-3936815775?position=2&pageNum=1&refId=mE5OJpSErO3fcoc6eUpYfw%3D%3D&trackingId=EEWJyY8vd%2BoAfxaXkAP4ng%3D%3D&trk=public_jobs_jserp-result_search-card
Software Engineer,Infor,"Tunis, Tunisia",https://tn.linkedin.com/jobs/view/software-engineer-at-infor-3868430187?position=3&pageNum=1&refId=mE5OJpSErO3fcoc6eUpYfw%3D%3D&trackingId=6WBM7l1pR5%2BHQxR2piFnbw%3D%3D&trk=public_jobs_jserp-result_search-card
Software Quality Assurance Engineer,Casco Automotive Group - An Amphenol Company,"Tunis, Tunisia",https://tn.linkedin.com/jobs/view/software-quality-assurance-engineer-at-casco-automotive-group-an-amphenol-company-3931436985?position=4&pageNum=1&refId=mE5OJpSErO3fcoc6eUpYfw%3D%3D&trackingId=zqPMnSedVP8A27s1q1cLCA%3D%3D&trk=public_jobs_jserp-result_search-card
Developpeur .net,Amaris Consulting,"Tunis, Tunis, Tunisia",https://tn.linkedin.com/jobs/view/d%C3%A9veloppeur-net-at-amaris-consulting-3930130696?position=5&pageNum=1&refId=mE5OJpSErO3fcoc6eUpYfw%3D%3D&trackingId=Ljj9O0m7ITlIJ1L79Pjxbw%3D%3D&trk=public_jobs_jserp-result_search-card
Developpeur JAVA,Devoteam Tunisie,"Tunis, Tunis, Tunisia",https://tn.linkedin.com/jobs/view/d%C3%A9veloppeur-java-at-devoteam-tunisie-3823000839?position=6&pageNum=1&refId=mE5OJpSErO3fcoc6eUpYfw%3D%3D&trackingId=CRao1fuEOg1WIPNowxgyOQ%3D%3D&trk=public_jobs_jserp-result_search-card
Software Engineer,Blackyack SUARL,"Monastir, Tunisia",https://tn.linkedin.com/jobs/view/software-engineer-at-blackyack-suarl-3935956477?position=7&pageNum=1&refId=mE5OJpSErO3fcoc6eUpYfw%3D%3D&trackingId=SMOLEV2CNBk8RXreeADGqQ%3D%3D&trk=public_jobs_jserp-result_search-card
Backend Engineer (Elixir),"oVice, Inc.",Tunisia,https://tn.linkedin.com/jobs/view/backend-engineer-elixir-at-ovice-inc-3909602877?position=8&pageNum=1&refId=mE5OJpSErO3fcoc6eUpYfw%3D%3D&trackingId=qUUnbZR%2By7OEWFC1GdUQ1w%3D%3D&trk=public_jobs_jserp-result_search-card
Javascript Developer,eDonec,"El Aouina, Tunis, Tunisia",https://tn.linkedin.com/jobs/view/javascript-developer-at-edonec-3928675126?position=9&pageNum=1&refId=mE5OJpSErO3fcoc6eUpYfw%3D%3D&trackingId=tt8jSbrSh3w1h7CKShPRPg%3D%3D&trk=public_jobs_jserp-result_search-card
Full Stack Developer TN,Simera,"Tunis, Tunis, Tunisia",https://tn.linkedin.com/jobs/view/full-stack-developer-tn-at-simera-3913788511?position=10&pageNum=1&refId=mE5OJpSErO3fcoc6eUpYfw%3D%3D&trackingId=chLFJIoj%2FlTuGMO7bzskfw%3D%3D&trk=public_jobs_jserp-result_search-card
Full Stack Developer TN,Simera,"Tunis, Tunis, Tunisia",https://tn.linkedin.com/jobs/view/full-stack-developer-tn-at-simera-3913788511?position=1&pageNum=2&refId=opV0cWNHjklq02A4W1pXAg%3D%3D&trackingId=N45xlbbrvWgw7qZXqtL%2Few%3D%3D&trk=public_jobs_jserp-result_search-card
Senior Frontend Developer,CXG,"Tunis, Tunisia",https://tn.linkedin.com/jobs/view/senior-frontend-developer-at-cxg-3931993481?position=2&pageNum=2&refId=opV0cWNHjklq02A4W1pXAg%3D%3D&trackingId=14NtytWKGhxxbRTPNJhLgA%3D%3D&trk=public_jobs_jserp-result_search-card
Software Engineer,Eggmed,Tunisia,https://tn.linkedin.com/jobs/view/software-engineer-at-eggmed-3940018905?position=3&pageNum=2&refId=opV0cWNHjklq02A4W1pXAg%3D%3D&trackingId=NSJ%2BDss8CUVUhpyWwRsr7g%3D%3D&trk=public_jobs_jserp-result_search-card
JAVA Developer (In Portugal),Affinity,"Tunis, Tunisia",https://tn.linkedin.com/jobs/view/java-developer-in-portugal-at-affinity-3937709218?position=4&pageNum=2&refId=opV0cWNHjklq02A4W1pXAg%3D%3D&trackingId=V%2FxHufJ4f7Jdk6Db5uZDOg%3D%3D&trk=public_jobs_jserp-result_search-card
Software Engineer PL/SQL,CLC Talent,Grand Tunis Metropolitan Area,https://tn.linkedin.com/jobs/view/software-engineer-pl-sql-at-clc-talent-3935057278?position=5&pageNum=2&refId=opV0cWNHjklq02A4W1pXAg%3D%3D&trackingId=LlRgAZj8N2%2BbFWLOisInLg%3D%3D&trk=public_jobs_jserp-result_search-card
Developpeur Fullstack Node.js/Vue.js,Devoteam Tunisie,"Tunis, Tunis, Tunisia",https://tn.linkedin.com/jobs/view/d%C3%A9veloppeur-fullstack-node-js-vue-js-at-devoteam-tunisie-3865208549?position=6&pageNum=2&refId=opV0cWNHjklq02A4W1pXAg%3D%3D&trackingId=GsYQWg5u%2BAacxDPZMyFadw%3D%3D&trk=public_jobs_jserp-result_search-card
Software Developer AI Solution,PASS Consulting Group,"Tunis, Tunis, Tunisia",https://tn.linkedin.com/jobs/view/software-developer-ai-solution-at-pass-consulting-group-3915933964?position=7&pageNum=2&refId=opV0cWNHjklq02A4W1pXAg%3D%3D&trackingId=dZlPDw2R%2BqKT%2FUHnUwlFbw%3D%3D&trk=public_jobs_jserp-result_search-card
Software Engineering Summer Intern,MASS Analytics,"Tunis, Tunisia",https://tn.linkedin.com/jobs/view/software-engineering-summer-intern-at-mass-analytics-3925883549?position=8&pageNum=2&refId=opV0cWNHjklq02A4W1pXAg%3D%3D&trackingId=gcDxZJLq67PmS2kx961sqQ%3D%3D&trk=public_jobs_jserp-result_search-card
Python Back-End Developer TN,Simera,"Tunis, Tunis, Tunisia",https://tn.linkedin.com/jobs/view/python-back-end-developer-tn-at-simera-3917684956?position=9&pageNum=2&refId=opV0cWNHjklq02A4W1pXAg%3D%3D&trackingId=8Y9ID4WkhhT9HFVELPq7Hw%3D%3D&trk=public_jobs_jserp-result_search-card
"Senior Data Scientist (Engineer/ Masters Computer Science, Data Science, Analytics Models, 3+ experience) [2 Positions]",Ooredoo Tunisie,"Tunis, Tunisia",https://tn.linkedin.com/jobs/view/senior-data-scientist-engineer-master%E2%80%99s-computer-science-data-science-analytics-models-3%2B-experience-2-positions-at-ooredoo-tunisie-3934714057?position=10&pageNum=2&refId=opV0cWNHjklq02A4W1pXAg%3D%3D&trackingId=10q16nIShZ3p1%2B3XgBmrgQ%3D%3D&trk=public_jobs_jserp-result_search-card
Software Engineer I,FIS,"Ariana, Tunisia",https://tn.linkedin.com/jobs/view/software-engineer-i-at-fis-3937241269?position=1&pageNum=3&refId=aCSDH9QQ3Bh8IpYTd9biFg%3D%3D&trackingId=UahY2aqUaoF0TDEOwReQ8g%3D%3D&trk=public_jobs_jserp-result_search-card
Developpeur Fullstack Angular/Java,Amaris Consulting,"Tunis, Tunis, Tunisia",https://tn.linkedin.com/jobs/view/d%C3%A9veloppeur-fullstack-angular-java-at-amaris-consulting-3903085910?position=2&pageNum=3&refId=aCSDH9QQ3Bh8IpYTd9biFg%3D%3D&trackingId=A8EHVVuDDemvqsq%2FIV59HA%3D%3D&trk=public_jobs_jserp-result_search-card
Developpeur Java JEE,Amaris Consulting,"Tunis, Tunisia",https://tn.linkedin.com/jobs/view/d%C3%A9veloppeur-java-jee-at-amaris-consulting-3929601440?position=3&pageNum=3&refId=aCSDH9QQ3Bh8IpYTd9biFg%3D%3D&trackingId=oYajnYmnznoZJzmxYpXNDw%3D%3D&trk=public_jobs_jserp-result_search-card
Data Science Engineer,Infor,"Tunis, Tunisia",https://tn.linkedin.com/jobs/view/data-science-engineer-at-infor-3935654029?position=4&pageNum=3&refId=aCSDH9QQ3Bh8IpYTd9biFg%3D%3D&trackingId=MMArBE2sYSXMfJ%2BOQ6J2LA%3D%3D&trk=public_jobs_jserp-result_search-card
Intermediate Java/JEE Developer (H/F),Anywr,"Tunis, Tunisia",https://tn.linkedin.com/jobs/view/intermediate-java-jee-developer-h-f-at-anywr-3842597534?position=5&pageNum=3&refId=aCSDH9QQ3Bh8IpYTd9biFg%3D%3D&trackingId=NaWOBu3fcrvBSUq3KS3U0Q%3D%3D&trk=public_jobs_jserp-result_search-card
Senior Developpeur FullStack Java/Angular,Devoteam Tunisie,"Tunis, Tunis, Tunisia",https://tn.linkedin.com/jobs/view/senior-d%C3%A9veloppeur-fullstack-java-angular-at-devoteam-tunisie-3931618128?position=6&pageNum=3&refId=aCSDH9QQ3Bh8IpYTd9biFg%3D%3D&trackingId=CrYIhd9xRIEL%2BMSNlWfeGg%3D%3D&trk=public_jobs_jserp-result_search-card
Senior .Net Developer,Capgemini Engineering,"Tunis, Tunisia",https://tn.linkedin.com/jobs/view/senior-net-developer-at-capgemini-engineering-3925045639?position=7&pageNum=3&refId=aCSDH9QQ3Bh8IpYTd9biFg%3D%3D&trackingId=ElrlWMzDn2Hm6sb9D%2Bj73A%3D%3D&trk=public_jobs_jserp-result_search-card
Ingenieur informatique genie logiciel H/F,Talentup,"Tunis, Tunis, Tunisia",https://tn.linkedin.com/jobs/view/ing%C3%A9nieur-informatique-g%C3%A9nie-logiciel-h-f-at-talentup-3902756504?position=8&pageNum=3&refId=aCSDH9QQ3Bh8IpYTd9biFg%3D%3D&trackingId=hGtuaLyTiJR%2FqEUoT%2BAmug%3D%3D&trk=public_jobs_jserp-result_search-card
MES- Developer (m/f/d),PITERION Group,"Tunis, Tunisia",https://tn.linkedin.com/jobs/view/mes-developer-m-f-d-at-piterion-group-3935956010?position=9&pageNum=3&refId=aCSDH9QQ3Bh8IpYTd9biFg%3D%3D&trackingId=aKG5vXQ7ui9VxaU2KWMMhw%3D%3D&trk=public_jobs_jserp-result_search-card
Software development instructor,GOMYCODE,"Gabes, Gabes, Tunisia",https://tn.linkedin.com/jobs/view/software-development-instructor-at-gomycode-3931933246?position=10&pageNum=3&refId=aCSDH9QQ3Bh8IpYTd9biFg%3D%3D&trackingId=Glz7JeBlg8c0SWP%2FqFWq9A%3D%3D&trk=public_jobs_jserp-result_search-card
Automated Test Engineer,CXG,"Tunis, Tunisia",https://tn.linkedin.com/jobs/view/automated-test-engineer-at-cxg-3933478042?position=1&pageNum=4&refId=pGdUI9XXohA78buXE1xVrQ%3D%3D&trackingId=vPSjFhEPZFafX0W7k1dMSw%3D%3D&trk=public_jobs_jserp-result_search-card
Developpeur Web Fullstack Junior - NestJS (NodeJS) / Angular,E-RIVEZ,"El Menzah, Tunis, Tunisia",https://tn.linkedin.com/jobs/view/d%C3%A9veloppeur-web-fullstack-junior-nestjs-nodejs-angular-at-e-rivez-3936718871?position=2&pageNum=4&refId=pGdUI9XXohA78buXE1xVrQ%3D%3D&trackingId=BT9VT72977pX5OOxC%2ByfPg%3D%3D&trk=public_jobs_jserp-result_search-card
Developpeur JAVA/JEE Senior Full Remote (F/H) -Tunisie,VirtualExpo Group,Tunisia,https://tn.linkedin.com/jobs/view/d%C3%A9veloppeur-java-jee-senior-full-remote-f-h-tunisie-at-virtualexpo-group-3939365882?position=3&pageNum=4&refId=pGdUI9XXohA78buXE1xVrQ%3D%3D&trackingId=ByTd2%2BsOeB8pdfZUP7brXQ%3D%3D&trk=public_jobs_jserp-result_search-card
Full Stack Developer - Angular/Django,UbiAI,Tunisia,https://tn.linkedin.com/jobs/view/full-stack-developer-angular-django-at-ubiai-3938010028?position=4&pageNum=4&refId=pGdUI9XXohA78buXE1xVrQ%3D%3D&trackingId=NC7BWNMh1zbHSiYU70TQvQ%3D%3D&trk=public_jobs_jserp-result_search-card
Developpeur back-end/Developpeuse back-end,Oolab,"Tunis, Tunisia",https://tn.linkedin.com/jobs/view/d%C3%A9veloppeur-back-end-d%C3%A9veloppeuse-back-end-at-oolab-3918708876?position=5&pageNum=4&refId=pGdUI9XXohA78buXE1xVrQ%3D%3D&trackingId=CtU1lDUiWOJqiFzKp7ZMtg%3D%3D&trk=public_jobs_jserp-result_search-card
System Engineer  Circuit Diagram Developer,ACT,"Soliman, Nabeul, Tunisia",https://tn.linkedin.com/jobs/view/system-engineer-%E2%80%93-circuit-diagram-developer-at-act-3932560413?position=6&pageNum=4&refId=pGdUI9XXohA78buXE1xVrQ%3D%3D&trackingId=Lh%2BhbLlOegBbuRKFvoZHnA%3D%3D&trk=public_jobs_jserp-result_search-card
Technical Lead (.NET/Java/AWS),Capgemini Engineering,"Tunis, Tunisia",https://tn.linkedin.com/jobs/view/technical-lead-net-java-aws-at-capgemini-engineering-3931271227?position=7&pageNum=4&refId=pGdUI9XXohA78buXE1xVrQ%3D%3D&trackingId=NKX0wYzfUG2rA2ARkiMriQ%3D%3D&trk=public_jobs_jserp-result_search-card
"Senior Full-Stack JS Developer (Node.js, React)",CobbleWeb - The Online Marketplace Experts,"Tunis, Tunisia",https://tn.linkedin.com/jobs/view/senior-full-stack-js-developer-node-js-react-at-cobbleweb-the-online-marketplace-experts-3934847684?position=8&pageNum=4&refId=pGdUI9XXohA78buXE1xVrQ%3D%3D&trackingId=T3mPN5%2B5sBVKjo%2BpLpMZIg%3D%3D&trk=public_jobs_jserp-result_search-card
Full Stack developer (.Net/React),Capgemini Engineering,"Tunis, Tunisia",https://tn.linkedin.com/jobs/view/full-stack-developer-net-react-at-capgemini-engineering-3918825693?position=9&pageNum=4&refId=pGdUI9XXohA78buXE1xVrQ%3D%3D&trackingId=w5BoLhVPtnBJK4lb4eXj7w%3D%3D&trk=public_jobs_jserp-result_search-card
Developpeur JAVA/JEE Senior Full Remote (F/H) -Tunisie,VirtualExpo Group,Tunisia,https://tn.linkedin.com/jobs/view/d%C3%A9veloppeur-java-jee-senior-full-remote-f-h-tunisie-at-virtualexpo-group-3939344792?position=10&pageNum=4&refId=pGdUI9XXohA78buXE1xVrQ%3D%3D&trackingId=xuUs7ye12KB3t%2BJYmQiuqg%3D%3D&trk=public_jobs_jserp-result_search-card
Senior Fullstack Developer NodeJs / ReactJs - Remote,Pragmatike,"Tunis, Tunisia",https://tn.linkedin.com/jobs/view/senior-fullstack-developer-nodejs-reactjs-remote-at-pragmatike-3864880989?position=1&pageNum=5&refId=8Fj5n6nVeBPrZq87YrBONA%3D%3D&trackingId=th%2BvtWSQ6Lr3lMDjE6EOBw%3D%3D&trk=public_jobs_jserp-result_search-card
Internet Programmer,Affigen SARL,"Gammarth, Tunis, Tunisia",https://tn.linkedin.com/jobs/view/internet-programmer-at-affigen-sarl-3784581923?position=2&pageNum=5&refId=8Fj5n6nVeBPrZq87YrBONA%3D%3D&trackingId=9Znm2bUOJpj7odFJMnnDSg%3D%3D&trk=public_jobs_jserp-result_search-card
Developpeur Java experimente,ODDO BHF,"Tunis, Tunis, Tunisia",https://tn.linkedin.com/jobs/view/d%C3%A9veloppeur-java-exp%C3%A9riment%C3%A9-at-oddo-bhf-3896475890?position=3&pageNum=5&refId=8Fj5n6nVeBPrZq87YrBONA%3D%3D&trackingId=HaQ%2BjmMHeWQgWJJbx3pe%2Bg%3D%3D&trk=public_jobs_jserp-result_search-card
Developpeur Senior Fullstack Java/Spring boot/React JS (H/F),TEAMWILL,"Tunis, Tunisia",https://tn.linkedin.com/jobs/view/d%C3%A9veloppeur-senior-fullstack-java-spring-boot-react-js-h-f-at-teamwill-3923127493?position=4&pageNum=5&refId=8Fj5n6nVeBPrZq87YrBONA%3D%3D&trackingId=%2Bi2FVaveGeW6zXZ5un5m5w%3D%3D&trk=public_jobs_jserp-result_search-card
Java Software R&D Engineer,Vneuron Risk & Compliance,"Tunis, Tunisia",https://tn.linkedin.com/jobs/view/java-software-r-d-engineer-at-vneuron-risk-compliance-3818420937?position=5&pageNum=5&refId=8Fj5n6nVeBPrZq87YrBONA%3D%3D&trackingId=OxYb7yi%2FwmpOuNWjzSgsgw%3D%3D&trk=public_jobs_jserp-result_search-card
Data Engineer,Devoteam Tunisie,"Tunis, Tunis, Tunisia",https://tn.linkedin.com/jobs/view/data-engineer-at-devoteam-tunisie-3836229502?position=6&pageNum=5&refId=8Fj5n6nVeBPrZq87YrBONA%3D%3D&trackingId=%2F7wTBwIVmu%2BoJbiitaTMFQ%3D%3D&trk=public_jobs_jserp-result_search-card
Developpeur Web Senior,NARD Intelligence,Grand Tunis Metropolitan Area,https://tn.linkedin.com/jobs/view/d%C3%A9veloppeur-web-s%C3%A9nior-at-nard-intelligence-3933096197?position=7&pageNum=5&refId=8Fj5n6nVeBPrZq87YrBONA%3D%3D&trackingId=fzBrIW1znjU24qXIZQsfDg%3D%3D&trk=public_jobs_jserp-result_search-card
Mobile Android Engineer,Yassir,"Tunis, Tunisia",https://tn.linkedin.com/jobs/view/mobile-android-engineer-at-yassir-3318538771?position=8&pageNum=5&refId=8Fj5n6nVeBPrZq87YrBONA%3D%3D&trackingId=VzQGG0E8PKVgKeU56AzXQQ%3D%3D&trk=public_jobs_jserp-result_search-card
Developpeur Fullstack Ruby on Rails (H/F),Kinko Booking,"Tunis, Tunis, Tunisia",https://tn.linkedin.com/jobs/view/d%C3%A9veloppeur-fullstack-ruby-on-rails-h-f-at-kinko-booking-3931243217?position=9&pageNum=5&refId=8Fj5n6nVeBPrZq87YrBONA%3D%3D&trackingId=CK%2BdoaE1eggAg7EZJGI9AA%3D%3D&trk=public_jobs_jserp-result_search-card
Ingenieur Full Stack PHP,Sofrecom Tunisie,"Tunis, Tunisia",https://tn.linkedin.com/jobs/view/ing%C3%A9nieur-full-stack-php-at-sofrecom-tunisie-3926243506?position=10&pageNum=5&refId=8Fj5n6nVeBPrZq87YrBONA%3D%3D&trackingId=rrcAasBzIJZ70iTLaHB1Yw%3D%3D&trk=public_jobs_jserp-result_search-card
Developpeur .net,Amaris Consulting,"Tunis, Tunisia",https://tn.linkedin.com/jobs/view/d%C3%A9veloppeur-net-at-amaris-consulting-3930732672?position=1&pageNum=6&refId=g2rnWkiCKhl5de8nSiNDKA%3D%3D&trackingId=HxicRhj7aCbPuGMg3kz0CQ%3D%3D&trk=public_jobs_jserp-result_search-card
.NET confirmed developer,ODDO BHF,"Tunis, Tunis, Tunisia",https://tn.linkedin.com/jobs/view/net-confirmed-developer-at-oddo-bhf-3922045641?position=2&pageNum=6&refId=g2rnWkiCKhl5de8nSiNDKA%3D%3D&trackingId=8O5JwKh%2FwQaERwUO4xZdpA%3D%3D&trk=public_jobs_jserp-result_search-card
Developpeur Fullstack Angular/Java,Amaris Consulting,"Tunis, Tunisia",https://tn.linkedin.com/jobs/view/d%C3%A9veloppeur-fullstack-angular-java-at-amaris-consulting-3904452992?position=3&pageNum=6&refId=g2rnWkiCKhl5de8nSiNDKA%3D%3D&trackingId=sW5J2PSdTgNLHsW0N9Yy%2FQ%3D%3D&trk=public_jobs_jserp-result_search-card
Automated Test Engineer,CXG,"Tunis, Tunisia",https://tn.linkedin.com/jobs/view/automated-test-engineer-at-cxg-3933478042?position=4&pageNum=6&refId=g2rnWkiCKhl5de8nSiNDKA%3D%3D&trackingId=%2Bh8%2BrU1xi2W9FzfUcPMoXw%3D%3D&trk=public_jobs_jserp-result_search-card
Senior Fullstack Engineer,Expensya,"Tunis, Tunisia",https://tn.linkedin.com/jobs/view/senior-fullstack-engineer-at-expensya-3922829779?position=5&pageNum=6&refId=g2rnWkiCKhl5de8nSiNDKA%3D%3D&trackingId=YdiTC43IiBv8SF5E8csIWA%3D%3D&trk=public_jobs_jserp-result_search-card
Ingenieur developpement linux embarque H/F,SAGEMCOM,"Le Kram, Tunis, Tunisia",https://tn.linkedin.com/jobs/view/ing%C3%A9nieur-d%C3%A9veloppement-linux-embarqu%C3%A9-h-f-at-sagemcom-3920628695?position=6&pageNum=6&refId=g2rnWkiCKhl5de8nSiNDKA%3D%3D&trackingId=4%2Fn8qQkkq2hpPKU0qzkzwQ%3D%3D&trk=public_jobs_jserp-result_search-card
"Embedded Software Developer (m/f/x) in Sfax, Tunisia",Lauterbach GmbH,"Sfax, Sfax, Tunisia",https://tn.linkedin.com/jobs/view/embedded-software-developer-m-f-x-in-sfax-tunisia-at-lauterbach-gmbh-3664936035?position=7&pageNum=6&refId=g2rnWkiCKhl5de8nSiNDKA%3D%3D&trackingId=FU6ODJLVPGrwFym3FBfOfg%3D%3D&trk=public_jobs_jserp-result_search-card
Data Engineer (In Portugal),Affinity,"Tunis, Tunisia",https://tn.linkedin.com/jobs/view/data-engineer-in-portugal-at-affinity-3927003096?position=8&pageNum=6&refId=g2rnWkiCKhl5de8nSiNDKA%3D%3D&trackingId=i8hqGLhq6QixeIA3MlvCzw%3D%3D&trk=public_jobs_jserp-result_search-card
Systems Engineer - Tunisia,Fortinet,"Tunis, Tunisia",https://tn.linkedin.com/jobs/view/systems-engineer-tunisia-at-fortinet-3849538769?position=9&pageNum=6&refId=g2rnWkiCKhl5de8nSiNDKA%3D%3D&trackingId=mC23tzELOCPCGyNXQuw%2BKg%3D%3D&trk=public_jobs_jserp-result_search-card
Ingenieur Administration Infrastructure H/F,Talentup,"Tunis, Tunis, Tunisia",https://tn.linkedin.com/jobs/view/ing%C3%A9nieur-administration-infrastructure-h-f-at-talentup-3902754791?position=10&pageNum=6&refId=g2rnWkiCKhl5de8nSiNDKA%3D%3D&trackingId=vk20rPyTWVqCmuuokqkUFw%3D%3D&trk=public_jobs_jserp-result_search-card
Senior Developpeur JS,PROXIAD,Tunisia,https://tn.linkedin.com/jobs/view/senior-d%C3%A9veloppeur-js-at-proxiad-3935976800?position=1&pageNum=7&refId=iEg6fVb8onh%2Fg3R2dh0m8w%3D%3D&trackingId=3i2Hnv1wknD27vRexR6nOA%3D%3D&trk=public_jobs_jserp-result_search-card
PLC Programmer,Casco Automotive Group - An Amphenol Company,"Manzil Bourguiba, Bizerte, Tunisia",https://tn.linkedin.com/jobs/view/plc-programmer-at-casco-automotive-group-an-amphenol-company-3934194534?position=2&pageNum=7&refId=iEg6fVb8onh%2Fg3R2dh0m8w%3D%3D&trackingId=5jjLqptVSRWAybWwqMBWEw%3D%3D&trk=public_jobs_jserp-result_search-card
Developpeur Android,Oxton Digital,Tunisia,https://tn.linkedin.com/jobs/view/d%C3%A9veloppeur-android-at-oxton-digital-3929679201?position=3&pageNum=7&refId=iEg6fVb8onh%2Fg3R2dh0m8w%3D%3D&trackingId=NaUUzsGTp1XLSjkeOcutnA%3D%3D&trk=public_jobs_jserp-result_search-card
API and Data Management Developer (Full-Time Remote),Best Of Tours Ltd.,Tunisia,https://tn.linkedin.com/jobs/view/api-and-data-management-developer-full-time-remote-at-best-of-tours-ltd-3937865271?position=4&pageNum=7&refId=iEg6fVb8onh%2Fg3R2dh0m8w%3D%3D&trackingId=5FmocQKL3pFxT8E1m0vi%2BQ%3D%3D&trk=public_jobs_jserp-result_search-card
Automotive ECUs Test Development and Validation Engineer,Primatec Engineering,"Sfax, Sfax, Tunisia",https://tn.linkedin.com/jobs/view/automotive-ecus-test-development-and-validation-engineer-at-primatec-engineering-3573498780?position=5&pageNum=7&refId=iEg6fVb8onh%2Fg3R2dh0m8w%3D%3D&trackingId=gq7c9WzvyXsM4wzgjniGaw%3D%3D&trk=public_jobs_jserp-result_search-card
Senior Front-End Developer TN,Simera,"Tunis, Tunis, Tunisia",https://tn.linkedin.com/jobs/view/senior-front-end-developer-tn-at-simera-3913789500?position=6&pageNum=7&refId=iEg6fVb8onh%2Fg3R2dh0m8w%3D%3D&trackingId=E3mgI%2Fo8jtuuaD9KmY07NA%3D%3D&trk=public_jobs_jserp-result_search-card
Senior Dotnet Developer,SimplyDesk,"Tunis, Tunisia",https://tn.linkedin.com/jobs/view/senior-dotnet-developer-at-simplydesk-3932592967?position=7&pageNum=7&refId=iEg6fVb8onh%2Fg3R2dh0m8w%3D%3D&trackingId=sb3tdxtcXDrgNFKP0idmHw%3D%3D&trk=public_jobs_jserp-result_search-card
Senior Java Full Stack Engineer,Infor,"Tunis, Tunisia",https://tn.linkedin.com/jobs/view/senior-java-full-stack-engineer-at-infor-3917572131?position=8&pageNum=7&refId=iEg6fVb8onh%2Fg3R2dh0m8w%3D%3D&trackingId=p3aAs2LZnHp362uhjxJFzw%3D%3D&trk=public_jobs_jserp-result_search-card
Ingenieur Developpement Java Confirme  Tunis,NeoXam Tunisie,"Tunis, Tunisia",https://tn.linkedin.com/jobs/view/ing%C3%A9nieur-d%C3%A9veloppement-java-confirm%C3%A9-%E2%80%93-tunis-at-neoxam-tunisie-3833646327?position=9&pageNum=7&refId=iEg6fVb8onh%2Fg3R2dh0m8w%3D%3D&trackingId=Y5g7ObXw9I7XAWrg2e8AWA%3D%3D&trk=public_jobs_jserp-result_search-card
Developpeur C++/C# H/F,Inetum,"Tunis, Tunisia",https://tn.linkedin.com/jobs/view/d%C3%A9veloppeur-c%2B%2B-c%23-h-f-at-inetum-3908474824?position=10&pageNum=7&refId=iEg6fVb8onh%2Fg3R2dh0m8w%3D%3D&trackingId=8biuWSLgNRSHxfoNsHbYlA%3D%3D&trk=public_jobs_jserp-result_search-card
Developpeur C++/C# H/F,Inetum,"Tunis, Tunisia",https://tn.linkedin.com/jobs/view/d%C3%A9veloppeur-c%2B%2B-c%23-h-f-at-inetum-3908474824?position=1&pageNum=8&refId=OGEUkyT18qHn7EZtUb4AIQ%3D%3D&trackingId=JTuR%2BMJsvI6o9U5lVgUyKg%3D%3D&trk=public_jobs_jserp-result_search-card
Senior Developer PHP / NodeJS - TUNIS,Free2move Tunisia,"Tunis, Tunisia",https://tn.linkedin.com/jobs/view/senior-developer-php-nodejs-tunis-at-free2move-tunisia-3847561982?position=2&pageNum=8&refId=OGEUkyT18qHn7EZtUb4AIQ%3D%3D&trackingId=YrF7OkYw5uLS6hIMPfIelQ%3D%3D&trk=public_jobs_jserp-result_search-card
Ingenieur d'etudes,SEGULA Technologies,"Tunis, Tunis, Tunisia",https://tn.linkedin.com/jobs/view/ing%C3%A9nieur-d-%C3%A9tudes-at-segula-technologies-3929253192?position=3&pageNum=8&refId=OGEUkyT18qHn7EZtUb4AIQ%3D%3D&trackingId=tZfvbO33UdC11hAuL5eRLA%3D%3D&trk=public_jobs_jserp-result_search-card
Ingenieur developpement Java senior (F/H),Sofrecom Tunisie,"Tunis, Tunisia",https://tn.linkedin.com/jobs/view/ing%C3%A9nieur-d%C3%A9veloppement-java-senior-f-h-at-sofrecom-tunisie-3918504560?position=4&pageNum=8&refId=OGEUkyT18qHn7EZtUb4AIQ%3D%3D&trackingId=y7rsFpJbGXW3e6hWIQOpNg%3D%3D&trk=public_jobs_jserp-result_search-card
Developpeur dotnet 3 ans experience ou plus,TSI Tunisie Systemes d'Information,"Delegation Ariana Ville, Ariana, Tunisia",https://tn.linkedin.com/jobs/view/d%C3%A9veloppeur-dotnet-3-ans-exp%C3%A9rience-ou-plus-at-tsi-tunisie-syst%C3%A8mes-d-information-3937852410?position=5&pageNum=8&refId=OGEUkyT18qHn7EZtUb4AIQ%3D%3D&trackingId=ds9x5Tg8FBw3RDje%2B0FR2A%3D%3D&trk=public_jobs_jserp-result_search-card
QA Engineer,Devoteam Tunisie,"Tunis, Tunis, Tunisia",https://tn.linkedin.com/jobs/view/qa-engineer-at-devoteam-tunisie-3920730668?position=6&pageNum=8&refId=OGEUkyT18qHn7EZtUb4AIQ%3D%3D&trackingId=ssSteWlXZvEGPwZlmCetGA%3D%3D&trk=public_jobs_jserp-result_search-card
Developpeur Java Senior,PROGED SOLUTIONS,"Sfax, Tunisia",https://tn.linkedin.com/jobs/view/d%C3%A9veloppeur-java-senior-at-proged-solutions-3824756238?position=7&pageNum=8&refId=OGEUkyT18qHn7EZtUb4AIQ%3D%3D&trackingId=I%2FTTuID%2F%2Bcqt2OiUADrQKQ%3D%3D&trk=public_jobs_jserp-result_search-card
Data Engineer,Yassir,"Tunis, Tunis, Tunisia",https://tn.linkedin.com/jobs/view/data-engineer-at-yassir-3575816233?position=9&pageNum=8&refId=OGEUkyT18qHn7EZtUb4AIQ%3D%3D&trackingId=%2F82voX6gkmZ1%2Bu2J%2FkmH9A%3D%3D&trk=public_jobs_jserp-result_search-card
Developpeur php,SWConsulting,"Ksar Hellal, Monastir, Tunisia",https://tn.linkedin.com/jobs/view/d%C3%A9veloppeur-php-at-swconsulting-3932548106?position=10&pageNum=8&refId=OGEUkyT18qHn7EZtUb4AIQ%3D%3D&trackingId=yd89Mo4pR6v1Xc673gu4eA%3D%3D&trk=public_jobs_jserp-result_search-card
Developpeur .NET Senior,Linedata,"Tunis, Tunis, Tunisia",https://tn.linkedin.com/jobs/view/d%C3%A9veloppeur-net-senior-at-linedata-3937592157?position=1&pageNum=9&refId=ZeJneJ%2BX2yH2ohBJY%2FvfHQ%3D%3D&trackingId=5DrztToUWum%2Ffm2Cz9BQ0Q%3D%3D&trk=public_jobs_jserp-result_search-card
Ingenieur Developpement Java Senior - Tunis,NeoXam Tunisie,"Tunis, Tunisia",https://tn.linkedin.com/jobs/view/ing%C3%A9nieur-d%C3%A9veloppement-java-senior-tunis-at-neoxam-tunisie-3866571434?position=2&pageNum=9&refId=ZeJneJ%2BX2yH2ohBJY%2FvfHQ%3D%3D&trackingId=2MTb4vEt3dILQooQRVfxwQ%3D%3D&trk=public_jobs_jserp-result_search-card
Developpeur(s) Java / Angular Confirme / Senior,Platana,"Sfax, Sfax, Tunisia",https://tn.linkedin.com/jobs/view/d%C3%A9veloppeur-s-java-angular-confirm%C3%A9-senior-at-platana-3932571297?position=3&pageNum=9&refId=ZeJneJ%2BX2yH2ohBJY%2FvfHQ%3D%3D&trackingId=20s6Xu93d%2BzFXU0xWQaXGg%3D%3D&trk=public_jobs_jserp-result_search-card
Ingenieur administration ETL  H/F,SAGEMCOM,"Le Kram, Tunis, Tunisia",https://tn.linkedin.com/jobs/view/ing%C3%A9nieur-administration-etl-h-f-at-sagemcom-3920628868?position=4&pageNum=9&refId=ZeJneJ%2BX2yH2ohBJY%2FvfHQ%3D%3D&trackingId=%2B02CalOxk8Il74O5etvA0A%3D%3D&trk=public_jobs_jserp-result_search-card
Senior Test Developer,RGI Group,"Tunis, Tunisia",https://tn.linkedin.com/jobs/view/senior-test-developer-at-rgi-group-3932330558?position=5&pageNum=9&refId=ZeJneJ%2BX2yH2ohBJY%2FvfHQ%3D%3D&trackingId=lm32cSffrdMBrYADhCYmvg%3D%3D&trk=public_jobs_jserp-result_search-card
iOS Developer,Naxxum Group,Tunisia,https://tn.linkedin.com/jobs/view/ios-developer-at-naxxum-group-3937502037?position=6&pageNum=9&refId=ZeJneJ%2BX2yH2ohBJY%2FvfHQ%3D%3D&trackingId=73IKwmEK2ldhMLb59m8btg%3D%3D&trk=public_jobs_jserp-result_search-card
React Native Mobile Developer,Dedagroup,"Tunis, Tunisia",https://tn.linkedin.com/jobs/view/react-native-mobile-developer-at-dedagroup-3920099886?position=7&pageNum=9&refId=ZeJneJ%2BX2yH2ohBJY%2FvfHQ%3D%3D&trackingId=dVJqc9fz6%2BabMKANjweN2Q%3D%3D&trk=public_jobs_jserp-result_search-card
Developpeur JS Senior (H/F),DECADE,"Sousse, Tunisia",https://tn.linkedin.com/jobs/view/d%C3%A9veloppeur-js-senior-h-f-at-decade-3919319406?position=8&pageNum=9&refId=ZeJneJ%2BX2yH2ohBJY%2FvfHQ%3D%3D&trackingId=N0Oitl9Rki3lRrZTf1wmgA%3D%3D&trk=public_jobs_jserp-result_search-card
"Senior React Native Developer (Node.js, Prisma, TRPC, Typescript)",Jobflow GmbH,Tunisia,https://tn.linkedin.com/jobs/view/senior-react-native-developer-node-js-prisma-trpc-typescript-at-jobflow-gmbh-3933381568?position=9&pageNum=9&refId=ZeJneJ%2BX2yH2ohBJY%2FvfHQ%3D%3D&trackingId=XxLeC1CmQuVqdB7yPUCbPQ%3D%3D&trk=public_jobs_jserp-result_search-card
Experienced WordPress developer,AudaCity Capital Management,Tunisia,https://tn.linkedin.com/jobs/view/experienced-wordpress-developer-at-audacity-capital-management-3916515960?position=10&pageNum=9&refId=ZeJneJ%2BX2yH2ohBJY%2FvfHQ%3D%3D&trackingId=UPnSrY5i03SUZNTmDqOduQ%3D%3D&trk=public_jobs_jserp-result_search-card
React Native Mobile Developer,Dedagroup,"Tunis, Tunisia",https://tn.linkedin.com/jobs/view/react-native-mobile-developer-at-dedagroup-3920099886?position=1&pageNum=10&refId=KFOXIYHEEDU0n09iyH3jmg%3D%3D&trackingId=Ug0YPznpvyYnVTQiMVrz9Q%3D%3D&trk=public_jobs_jserp-result_search-card
Experienced WordPress developer,AudaCity Capital Management,Tunisia,https://tn.linkedin.com/jobs/view/experienced-wordpress-developer-at-audacity-capital-management-3916515960?position=2&pageNum=10&refId=KFOXIYHEEDU0n09iyH3jmg%3D%3D&trackingId=TEWQwpnRgJtWi7JWXXrbQw%3D%3D&trk=public_jobs_jserp-result_search-card
Developpeur JS Senior (H/F),DECADE,"Sousse, Tunisia",https://tn.linkedin.com/jobs/view/d%C3%A9veloppeur-js-senior-h-f-at-decade-3919319406?position=3&pageNum=10&refId=KFOXIYHEEDU0n09iyH3jmg%3D%3D&trackingId=23cGcQhoTFiI4NfrhEqNHg%3D%3D&trk=public_jobs_jserp-result_search-card
"Senior React Native Developer (Node.js, Prisma, TRPC, Typescript)",Jobflow GmbH,Tunisia,https://tn.linkedin.com/jobs/view/senior-react-native-developer-node-js-prisma-trpc-typescript-at-jobflow-gmbh-3933381568?position=4&pageNum=10&refId=KFOXIYHEEDU0n09iyH3jmg%3D%3D&trackingId=RQAts%2FYBKovjQX2SupR0Bg%3D%3D&trk=public_jobs_jserp-result_search-card
Data Scientist / OCR specialist,Pragmatike,"Tunis, Tunisia",https://tn.linkedin.com/jobs/view/data-scientist-ocr-specialist-at-pragmatike-3928622430?position=5&pageNum=10&refId=KFOXIYHEEDU0n09iyH3jmg%3D%3D&trackingId=SeYlWbIzOqOzyqLSO2WF5w%3D%3D&trk=public_jobs_jserp-result_search-card
Senior Android Developer - Kotlin,Cross Border Talents,Tunisia,https://tn.linkedin.com/jobs/view/senior-android-developer-kotlin-at-cross-border-talents-3773992518?position=6&pageNum=10&refId=KFOXIYHEEDU0n09iyH3jmg%3D%3D&trackingId=Wuo%2FrsYi7CvJFRNt8afiBQ%3D%3D&trk=public_jobs_jserp-result_search-card
Security and Infrastructure Engineer,ODDO BHF,"Tunis, Tunisia",https://tn.linkedin.com/jobs/view/security-and-infrastructure-engineer-at-oddo-bhf-3858524969?position=7&pageNum=10&refId=KFOXIYHEEDU0n09iyH3jmg%3D%3D&trackingId=C1psaWuRb%2Bi8IUOVN13ymg%3D%3D&trk=public_jobs_jserp-result_search-card
Developpeur .NET Senior,Linedata,"Tunis, Tunis, Tunisia",https://tn.linkedin.com/jobs/view/d%C3%A9veloppeur-net-senior-at-linedata-3937649815?position=8&pageNum=10&refId=KFOXIYHEEDU0n09iyH3jmg%3D%3D&trackingId=MKyLnrNUhgBimkD6xPRNzw%3D%3D&trk=public_jobs_jserp-result_search-card
SAP developer,Capgemini Engineering,"Tunis, Tunis, Tunisia",https://tn.linkedin.com/jobs/view/sap-developer-at-capgemini-engineering-3916587671?position=9&pageNum=10&refId=KFOXIYHEEDU0n09iyH3jmg%3D%3D&trackingId=vBU3CApDBrAjblg9jqaJMg%3D%3D&trk=public_jobs_jserp-result_search-card
Senior .Net SQL Developer,Linedata,"Tunis, Tunis, Tunisia",https://tn.linkedin.com/jobs/view/senior-net-sql-developer-at-linedata-3849225458?position=10&pageNum=10&refId=KFOXIYHEEDU0n09iyH3jmg%3D%3D&trackingId=xt%2FpQIt0ZtK1qnqHo0NaGQ%3D%3D&trk=public_jobs_jserp-result_search-card
DevOps Engineer-AWS,Infor,"Tunis, Tunisia",https://tn.linkedin.com/jobs/view/devops-engineer-aws-at-infor-3917572129?position=1&pageNum=11&refId=5qz2MRdzO55JXJrUOpvsBw%3D%3D&trackingId=J6XTom7shqKpGCmZekRuww%3D%3D&trk=public_jobs_jserp-result_search-card
Developpeur Ruby on Rails/Scala (h/f),Adomik,Tunisia,https://tn.linkedin.com/jobs/view/d%C3%A9veloppeur-ruby-on-rails-scala-h-f-at-adomik-3865762160?position=2&pageNum=11&refId=5qz2MRdzO55JXJrUOpvsBw%3D%3D&trackingId=EQyaHXnIdS9Mb91IVjj76g%3D%3D&trk=public_jobs_jserp-result_search-card
Ingenieur DevOps,Devoteam Tunisie,"Tunis, Tunis, Tunisia",https://tn.linkedin.com/jobs/view/ing%C3%A9nieur-devops-at-devoteam-tunisie-3884251041?position=3&pageNum=11&refId=5qz2MRdzO55JXJrUOpvsBw%3D%3D&trackingId=%2BeQfalEQd80XHvR88HZyew%3D%3D&trk=public_jobs_jserp-result_search-card
"SENIOR BACK-END DEVELOPER - Dubai, UAE",Cobblestone Energy,"Tunis, Tunis, Tunisia",https://tn.linkedin.com/jobs/view/senior-back-end-developer-dubai-uae-at-cobblestone-energy-3735324284?position=4&pageNum=11&refId=5qz2MRdzO55JXJrUOpvsBw%3D%3D&trackingId=AFOQwhc8x6eEvZL4OemSHQ%3D%3D&trk=public_jobs_jserp-result_search-card
Cloud QA Engineer - Tunis,NeoXam Tunisie,"Tunis, Tunisia",https://tn.linkedin.com/jobs/view/cloud-qa-engineer-tunis-at-neoxam-tunisie-3926292818?position=5&pageNum=11&refId=5qz2MRdzO55JXJrUOpvsBw%3D%3D&trackingId=upzTovv58mT%2B2MDE7WRGNA%3D%3D&trk=public_jobs_jserp-result_search-card
Mobile iOS Engineer,Yassir,"Tunis, Tunisia",https://tn.linkedin.com/jobs/view/mobile-ios-engineer-at-yassir-3318543313?position=6&pageNum=11&refId=5qz2MRdzO55JXJrUOpvsBw%3D%3D&trackingId=lOJfYv94o0zAvHHFyLx4mQ%3D%3D&trk=public_jobs_jserp-result_search-card
QA Engineer,Capgemini Engineering,"Tunis, Tunisia",https://tn.linkedin.com/jobs/view/qa-engineer-at-capgemini-engineering-3919891683?position=8&pageNum=11&refId=5qz2MRdzO55JXJrUOpvsBw%3D%3D&trackingId=uQPbzQlwEOsO2EYLokh%2B3A%3D%3D&trk=public_jobs_jserp-result_search-card
Senior Full Stack Java Developer - Remote,Vneuron Risk & Compliance,"Tunis, Tunisia",https://tn.linkedin.com/jobs/view/senior-full-stack-java-developer-remote-at-vneuron-risk-compliance-3847611228?position=9&pageNum=11&refId=5qz2MRdzO55JXJrUOpvsBw%3D%3D&trackingId=lJdR41r%2Bj5%2BcjH9NmuIINA%3D%3D&trk=public_jobs_jserp-result_search-card
Ingenieur Devops,Sopra HR Software,"Tunis, Tunis, Tunisia",https://tn.linkedin.com/jobs/view/ing%C3%A9nieur-devops-at-sopra-hr-software-3824640306?position=10&pageNum=11&refId=5qz2MRdzO55JXJrUOpvsBw%3D%3D&trackingId=NNaFlidGe6muSJ25%2BdJNlA%3D%3D&trk=public_jobs_jserp-result_search-card
Full Stack Senior Java Jee - Angular Software Engineer,RGI Group,"Tunis, Tunisia",https://tn.linkedin.com/jobs/view/full-stack-senior-java-jee-angular-software-engineer-at-rgi-group-3916572792?position=1&pageNum=12&refId=XOo5c4jWhO2lu5sUUQlOcg%3D%3D&trackingId=TNhQMMK%2BPXkx%2FK%2FOrogWVA%3D%3D&trk=public_jobs_jserp-result_search-card
Scientist,Infor,"Tunis, Tunisia",https://tn.linkedin.com/jobs/view/scientist-at-infor-3921655338?position=2&pageNum=12&refId=XOo5c4jWhO2lu5sUUQlOcg%3D%3D&trackingId=ZB3PULvFbgdy6OoMImsddg%3D%3D&trk=public_jobs_jserp-result_search-card
IAM Solution Engineer,Security Accent GmbH,"Tunis, Tunis, Tunisia",https://tn.linkedin.com/jobs/view/iam-solution-engineer-at-security-accent-gmbh-3926591075?position=3&pageNum=12&refId=XOo5c4jWhO2lu5sUUQlOcg%3D%3D&trackingId=JPnLPfkE28nEzQKJWJOsZw%3D%3D&trk=public_jobs_jserp-result_search-card
Consultant Devops H/F,Sofrecom Tunisie,"Tunis, Tunisia",https://tn.linkedin.com/jobs/view/consultant-devops-h-f-at-sofrecom-tunisie-3932486179?position=4&pageNum=12&refId=XOo5c4jWhO2lu5sUUQlOcg%3D%3D&trackingId=hog9N8%2FZX3t7wM%2B3f4FiZw%3D%3D&trk=public_jobs_jserp-result_search-card
Senior C++ Software Engineer,FIS,"Ariana, Tunisia",https://tn.linkedin.com/jobs/view/senior-c%2B%2B-software-engineer-at-fis-3926836316?position=5&pageNum=12&refId=XOo5c4jWhO2lu5sUUQlOcg%3D%3D&trackingId=eA1W6v14zuNv7A%2F7SKLHYw%3D%3D&trk=public_jobs_jserp-result_search-card
"Software Developer, Senior (CA)",Infor,"Tunis, Tunisia",https://tn.linkedin.com/jobs/view/software-developer-senior-ca-at-infor-3843047164?position=6&pageNum=12&refId=XOo5c4jWhO2lu5sUUQlOcg%3D%3D&trackingId=0nHQSyEanKSolT12k0gKHQ%3D%3D&trk=public_jobs_jserp-result_search-card
VBA Software developer,SEGULA Technologies,"Tunis, Tunis, Tunisia",https://tn.linkedin.com/jobs/view/vba-software-developer-at-segula-technologies-3911822857?position=7&pageNum=12&refId=XOo5c4jWhO2lu5sUUQlOcg%3D%3D&trackingId=62Kp%2Fp9tjw8H0q4tn8JVrg%3D%3D&trk=public_jobs_jserp-result_search-card
Developpeur WordPress (Senior),DuetoData,"Sousse, Tunisia",https://tn.linkedin.com/jobs/view/d%C3%A9veloppeur-wordpress-s%C3%A9nior-at-duetodata-3926245204?position=8&pageNum=12&refId=XOo5c4jWhO2lu5sUUQlOcg%3D%3D&trackingId=ezIle0CfXE%2BLYSKGaHMPGw%3D%3D&trk=public_jobs_jserp-result_search-card
Developpeur Drupal H/F,Jems Group,"Tunis, Tunisia",https://tn.linkedin.com/jobs/view/d%C3%A9veloppeur-drupal-h-f-at-jems-group-3917164370?position=9&pageNum=12&refId=XOo5c4jWhO2lu5sUUQlOcg%3D%3D&trackingId=pmUEoe4HgQxLf%2Bivsvxhrw%3D%3D&trk=public_jobs_jserp-result_search-card
Senior Java Software Engineer,Keyrus,"Tunis, Tunis, Tunisia",https://tn.linkedin.com/jobs/view/senior-java-software-engineer-at-keyrus-3937859107?position=10&pageNum=12&refId=XOo5c4jWhO2lu5sUUQlOcg%3D%3D&trackingId=qGD3USsjwhk0MHVGuBVuvQ%3D%3D&trk=public_jobs_jserp-result_search-card
VBA Software developer,SEGULA Technologies,"Tunis, Tunis, Tunisia",https://tn.linkedin.com/jobs/view/vba-software-developer-at-segula-technologies-3911822857?position=1&pageNum=13&refId=imqeEQFzuuSUE3FwxKrlbA%3D%3D&trackingId=3f28%2Fs3H8ImXleOF%2FsBabA%3D%3D&trk=public_jobs_jserp-result_search-card
Developpeur Drupal H/F,Jems Group,"Tunis, Tunisia",https://tn.linkedin.com/jobs/view/d%C3%A9veloppeur-drupal-h-f-at-jems-group-3917164370?position=2&pageNum=13&refId=imqeEQFzuuSUE3FwxKrlbA%3D%3D&trackingId=gQgXASVPeFL%2FAu8%2BWzySwg%3D%3D&trk=public_jobs_jserp-result_search-card
Developpeur WordPress (Senior),DuetoData,"Sousse, Tunisia",https://tn.linkedin.com/jobs/view/d%C3%A9veloppeur-wordpress-s%C3%A9nior-at-duetodata-3926245204?position=3&pageNum=13&refId=imqeEQFzuuSUE3FwxKrlbA%3D%3D&trackingId=KnjTP9P0NWvB%2BU8VcwGZww%3D%3D&trk=public_jobs_jserp-result_search-card
Senior Java Software Engineer,Keyrus,"Tunis, Tunis, Tunisia",https://tn.linkedin.com/jobs/view/senior-java-software-engineer-at-keyrus-3937859107?position=4&pageNum=13&refId=imqeEQFzuuSUE3FwxKrlbA%3D%3D&trackingId=wWqjC3Ef%2BlP5TOC%2FJsOWig%3D%3D&trk=public_jobs_jserp-result_search-card
Senior iOS developer,GPITech,"Tunis, Tunis, Tunisia",https://tn.linkedin.com/jobs/view/senior-ios-developer-at-gpitech-3932218705?position=5&pageNum=13&refId=imqeEQFzuuSUE3FwxKrlbA%3D%3D&trackingId=UAj7ZlSWk8PHc%2Bk4s5Ke0g%3D%3D&trk=public_jobs_jserp-result_search-card
.NET Architect (H/F),EY,"Tunis, Tunisia",https://tn.linkedin.com/jobs/view/net-architect-h-f-at-ey-3915774962?position=6&pageNum=13&refId=imqeEQFzuuSUE3FwxKrlbA%3D%3D&trackingId=CIgdttyYcOYxS1fn%2F3iQeQ%3D%3D&trk=public_jobs_jserp-result_search-card
Senior Data Scientist,Devoteam Tunisie,"Tunis, Tunis, Tunisia",https://tn.linkedin.com/jobs/view/senior-data-scientist-at-devoteam-tunisie-3935679715?position=7&pageNum=13&refId=imqeEQFzuuSUE3FwxKrlbA%3D%3D&trackingId=3YUNWjMTW9wziPGO1EG5Dw%3D%3D&trk=public_jobs_jserp-result_search-card
Senior Full Stack Java Developer,Vneuron Risk & Compliance,"Tunis, Tunisia",https://tn.linkedin.com/jobs/view/senior-full-stack-java-developer-at-vneuron-risk-compliance-3837047793?position=8&pageNum=13&refId=imqeEQFzuuSUE3FwxKrlbA%3D%3D&trackingId=y%2BoTlgC08%2Bx9fJp%2FtwQdsA%3D%3D&trk=public_jobs_jserp-result_search-card
Ingenieur DevSecOps,Devoteam Tunisie,"Tunis, Tunis, Tunisia",https://tn.linkedin.com/jobs/view/ing%C3%A9nieur-devsecops-at-devoteam-tunisie-3930600548?position=9&pageNum=13&refId=imqeEQFzuuSUE3FwxKrlbA%3D%3D&trackingId=3P98i%2BA6XhdT1w8os4HSxA%3D%3D&trk=public_jobs_jserp-result_search-card
Technical Lead .NET/Angular (H/F),EY,"Tunis, Tunisia",https://tn.linkedin.com/jobs/view/technical-lead-net-angular-h-f-at-ey-3915779887?position=10&pageNum=13&refId=imqeEQFzuuSUE3FwxKrlbA%3D%3D&trackingId=93RLwxzEAIYnwNFFczfsfQ%3D%3D&trk=public_jobs_jserp-result_search-card
Technical Lead,Capgemini Engineering,"Tunis, Tunis, Tunisia",https://tn.linkedin.com/jobs/view/technical-lead-at-capgemini-engineering-3931248471?position=1&pageNum=14&refId=XfObOz8jctiEGW3N%2BbKJXQ%3D%3D&trackingId=mTOHsV9qE6f9AqVCXNDZ1w%3D%3D&trk=public_jobs_jserp-result_search-card
Senior Data Engineer,Value,Grand Tunis Metropolitan Area,https://tn.linkedin.com/jobs/view/senior-data-engineer-at-value-3934487341?position=2&pageNum=14&refId=XfObOz8jctiEGW3N%2BbKJXQ%3D%3D&trackingId=7qND4uffc4bEROCky8fBlg%3D%3D&trk=public_jobs_jserp-result_search-card
"Site Reliability Engineer, Senior",Infor,"Tunis, Tunisia",https://tn.linkedin.com/jobs/view/site-reliability-engineer-senior-at-infor-3909957597?position=3&pageNum=14&refId=XfObOz8jctiEGW3N%2BbKJXQ%3D%3D&trackingId=00d%2BIyu%2F5PEL8OaH0pUd6Q%3D%3D&trk=public_jobs_jserp-result_search-card
Senior Software QA Engineer,Vneuron Risk & Compliance,"Tunis, Tunisia",https://tn.linkedin.com/jobs/view/senior-software-qa-engineer-at-vneuron-risk-compliance-3865280463?position=4&pageNum=14&refId=XfObOz8jctiEGW3N%2BbKJXQ%3D%3D&trackingId=qTILif0cTnoSNEHRfN0dwQ%3D%3D&trk=public_jobs_jserp-result_search-card
Senior Data Engineer/Data scientist,Faurecia,"Carthage, Tunis, Tunisia",https://tn.linkedin.com/jobs/view/senior-data-engineer-data-scientist-at-faurecia-3908596478?position=5&pageNum=14&refId=XfObOz8jctiEGW3N%2BbKJXQ%3D%3D&trackingId=tz0yViyBdWyXPdDEB0TLXA%3D%3D&trk=public_jobs_jserp-result_search-card
Environmental Test Engineer,Casco Automotive Group - An Amphenol Company,"Tunis, Tunisia",https://tn.linkedin.com/jobs/view/environmental-test-engineer-at-casco-automotive-group-an-amphenol-company-3927689959?position=6&pageNum=14&refId=XfObOz8jctiEGW3N%2BbKJXQ%3D%3D&trackingId=vMo6jRWFHshmKPgunnoQ6w%3D%3D&trk=public_jobs_jserp-result_search-card
Service Reliability Engineer,Iguane Solutions,"Tunis, Tunis, Tunisia",https://tn.linkedin.com/jobs/view/service-reliability-engineer-at-iguane-solutions-3935981243?position=7&pageNum=14&refId=XfObOz8jctiEGW3N%2BbKJXQ%3D%3D&trackingId=jbW9lmV469w%2Bpi%2Bl4Ln1iA%3D%3D&trk=public_jobs_jserp-result_search-card
Ingenieur systeme,Sopra Steria,"Tunis, Tunis, Tunisia",https://tn.linkedin.com/jobs/view/ing%C3%A9nieur-syst%C3%A8me-at-sopra-steria-3824551125?position=8&pageNum=14&refId=XfObOz8jctiEGW3N%2BbKJXQ%3D%3D&trackingId=b%2FJvP7SSN5%2BpLTeWMpcGmg%3D%3D&trk=public_jobs_jserp-result_search-card
Ingenieur DevOps Senior,SAGEMCOM,"Le Kram, Tunis, Tunisia",https://tn.linkedin.com/jobs/view/ing%C3%A9nieur-devops-senior-at-sagemcom-3934421038?position=9&pageNum=14&refId=XfObOz8jctiEGW3N%2BbKJXQ%3D%3D&trackingId=Ilv%2FZ30g%2F%2Bn2gc2N7SKSXA%3D%3D&trk=public_jobs_jserp-result_search-card
Senior Frontend Developer,Blanks,"Tunis, Tunis, Tunisia",https://tn.linkedin.com/jobs/view/senior-frontend-developer-at-blanks-3929678235?position=10&pageNum=14&refId=XfObOz8jctiEGW3N%2BbKJXQ%3D%3D&trackingId=f%2F6Cd1yt7Jg7BK6PTkfaIQ%3D%3D&trk=public_jobs_jserp-result_search-card
Ingenieur Dev Web Senior (Laravel - VueJs),Xenius Consulting,"Tunis, Tunis, Tunisia",https://tn.linkedin.com/jobs/view/ing%C3%A9nieur-dev-web-senior-laravel-vuejs-at-xenius-consulting-3934424918?position=1&pageNum=15&refId=VGUxiCn5hdNVLQtGOTTsdw%3D%3D&trackingId=YI12DD4NW0NZSTwVNN%2BXPQ%3D%3D&trk=public_jobs_jserp-result_search-card
Developpeur Drupal Senior H/F,Jems Group,"Tunis, Tunisia",https://tn.linkedin.com/jobs/view/d%C3%A9veloppeur-drupal-senior-h-f-at-jems-group-3921329935?position=2&pageNum=15&refId=VGUxiCn5hdNVLQtGOTTsdw%3D%3D&trackingId=gC94bwodIEIgLO%2FROF1u2g%3D%3D&trk=public_jobs_jserp-result_search-card
Developpeur Senior (Laravel/Nuxt.Js),Xenius Consulting,"Tunis, Tunis, Tunisia",https://tn.linkedin.com/jobs/view/d%C3%A9veloppeur-senior-laravel-nuxt-js-at-xenius-consulting-3931270192?position=3&pageNum=15&refId=VGUxiCn5hdNVLQtGOTTsdw%3D%3D&trackingId=ylOiRwagRoZb%2FpILAz2HBw%3D%3D&trk=public_jobs_jserp-result_search-card
Senior Embedded Systems Security Engineer (UAE relocation),CENSUS,Tunisia,https://tn.linkedin.com/jobs/view/senior-embedded-systems-security-engineer-uae-relocation-at-census-3933713300?position=4&pageNum=15&refId=VGUxiCn5hdNVLQtGOTTsdw%3D%3D&trackingId=z8bN0ZOtOVYNl2%2BznxCR4w%3D%3D&trk=public_jobs_jserp-result_search-card
Ingenieur automatisation de lassurance qualite/Ingenieure automatisation de lassurance qualite,Capgemini Engineering,"Tunis, Tunis, Tunisia",https://tn.linkedin.com/jobs/view/ing%C3%A9nieur-automatisation-de-l%E2%80%99assurance-qualit%C3%A9-ing%C3%A9nieure-automatisation-de-l%E2%80%99assurance-qualit%C3%A9-at-capgemini-engineering-3920636378?position=5&pageNum=15&refId=VGUxiCn5hdNVLQtGOTTsdw%3D%3D&trackingId=RlQJcghXiLaX3ZKny2rl6g%3D%3D&trk=public_jobs_jserp-result_search-card
Ingenieur Devops,Sopra Steria,"Tunis, Tunis, Tunisia",https://tn.linkedin.com/jobs/view/ing%C3%A9nieur-devops-at-sopra-steria-3824552010?position=6&pageNum=15&refId=VGUxiCn5hdNVLQtGOTTsdw%3D%3D&trackingId=t8zCaHgyzpjcQAjmRrLoVg%3D%3D&trk=public_jobs_jserp-result_search-card
Cloud Expert Engineer with French,Acronis,"Tunis, Tunisia",https://tn.linkedin.com/jobs/view/cloud-expert-engineer-with-french-at-acronis-3892717191?position=7&pageNum=15&refId=VGUxiCn5hdNVLQtGOTTsdw%3D%3D&trackingId=vvxJqcyp8sy5RKY%2FC2ABBQ%3D%3D&trk=public_jobs_jserp-result_search-card
SAP Functional Developer (MM-SD),VEO Worldwide Services,Grand Tunis Metropolitan Area,https://tn.linkedin.com/jobs/view/sap-functional-developer-mm-sd-at-veo-worldwide-services-3927542707?position=8&pageNum=15&refId=VGUxiCn5hdNVLQtGOTTsdw%3D%3D&trackingId=TbzN3sVNbOr8uvI4vc9tcw%3D%3D&trk=public_jobs_jserp-result_search-card
Java Technical Lead,Vneuron Risk & Compliance,"Tunis, Tunisia",https://tn.linkedin.com/jobs/view/java-technical-lead-at-vneuron-risk-compliance-3818422522?position=9&pageNum=15&refId=VGUxiCn5hdNVLQtGOTTsdw%3D%3D&trackingId=YhbxgAPF25wJ0d7NtBHOFw%3D%3D&trk=public_jobs_jserp-result_search-card
Expert en science de donnees / intelligence artificielle appliquee,TEHORA inc.,Tunisia,https://tn.linkedin.com/jobs/view/expert-en-science-de-donn%C3%A9es-intelligence-artificielle-appliqu%C3%A9e-at-tehora-inc-3906699494?position=10&pageNum=15&refId=VGUxiCn5hdNVLQtGOTTsdw%3D%3D&trackingId=4JD2cTz%2BwHn1P8VL3Ry5zg%3D%3D&trk=public_jobs_jserp-result_search-card
Team Manager - EMBEDDED SW DEVELOPMENT & TESTS (Automotive Domain),Capgemini Engineering,"Tunis, Tunis, Tunisia",https://tn.linkedin.com/jobs/view/team-manager-embedded-sw-development-tests-automotive-domain-at-capgemini-engineering-3915759371?position=1&pageNum=16&refId=afMdKcl1HzvV2LwK8lxwAA%3D%3D&trackingId=gdMxOmdjUjszW1%2FUFN6F0A%3D%3D&trk=public_jobs_jserp-result_search-card
Lead Data Engineer,Devoteam Tunisie,"Tunis, Tunis, Tunisia",https://tn.linkedin.com/jobs/view/lead-data-engineer-at-devoteam-tunisie-3934199396?position=2&pageNum=16&refId=afMdKcl1HzvV2LwK8lxwAA%3D%3D&trackingId=je1gJseIhA28OqRuEWmJVQ%3D%3D&trk=public_jobs_jserp-result_search-card
SRE / SecOps Engineer,Vneuron Risk & Compliance,"Tunis, Tunisia",https://tn.linkedin.com/jobs/view/sre-secops-engineer-at-vneuron-risk-compliance-3837053036?position=3&pageNum=16&refId=afMdKcl1HzvV2LwK8lxwAA%3D%3D&trackingId=w7dqgqiX3nnWDbK%2FDV8gQA%3D%3D&trk=public_jobs_jserp-result_search-card
Senior MLOps - DevOps Engineer,InstaDeep,"Tunis, Tunis, Tunisia",https://tn.linkedin.com/jobs/view/senior-mlops-devops-engineer-at-instadeep-3934922883?position=4&pageNum=16&refId=afMdKcl1HzvV2LwK8lxwAA%3D%3D&trackingId=xOtk5KVNSJLBfiIkB2%2FLEw%3D%3D&trk=public_jobs_jserp-result_search-card
Senior Cloud AWS SRE engineer,ADP,"Tunis, Tunis, Tunisia",https://tn.linkedin.com/jobs/view/senior-cloud-aws-sre-engineer-at-adp-3925721299?position=5&pageNum=16&refId=afMdKcl1HzvV2LwK8lxwAA%3D%3D&trackingId=xpqW3TPGVK0tjhVSed58Qg%3D%3D&trk=public_jobs_jserp-result_search-card
Senior Ruby on Rails,Com-and-Dev,Sousse Metropolitan Area,https://tn.linkedin.com/jobs/view/senior-ruby-on-rails-at-com-and-dev-3525514592?position=6&pageNum=16&refId=afMdKcl1HzvV2LwK8lxwAA%3D%3D&trackingId=SNxjyOHfr9cZsfApckhTkg%3D%3D&trk=public_jobs_jserp-result_search-card
Senior MLOps - DevOps Engineer,InstaDeep,"Tunis, Tunisia",https://tn.linkedin.com/jobs/view/senior-mlops-devops-engineer-at-instadeep-3931644909?position=8&pageNum=16&refId=afMdKcl1HzvV2LwK8lxwAA%3D%3D&trackingId=nj7fi2%2BemzoE7W3jsFnyaw%3D%3D&trk=public_jobs_jserp-result_search-card
Senior Manager IT ,Free2move,"Tunis, Tunis, Tunisia",https://tn.linkedin.com/jobs/view/senior-manager-it-%F0%9F%87%B9%F0%9F%87%B3-at-free2move-3863026391?position=9&pageNum=16&refId=afMdKcl1HzvV2LwK8lxwAA%3D%3D&trackingId=wLg8Lpf0IhXtrRltbOqhQQ%3D%3D&trk=public_jobs_jserp-result_search-card
Technical Services Consultant,Linedata,"Tunis, Tunis, Tunisia",https://tn.linkedin.com/jobs/view/technical-services-consultant-at-linedata-3855382199?position=10&pageNum=16&refId=afMdKcl1HzvV2LwK8lxwAA%3D%3D&trackingId=0KpZX25u73a5qnjbaAUTGQ%3D%3D&trk=public_jobs_jserp-result_search-card
Software Technical Writer,Vneuron Risk & Compliance,"Tunis, Tunisia",https://tn.linkedin.com/jobs/view/software-technical-writer-at-vneuron-risk-compliance-3837047808?position=1&pageNum=17&refId=m%2Fh5XouA4CEnW7Vq0ZDAgg%3D%3D&trackingId=ofw3cBnABpz7xJK72r7NVw%3D%3D&trk=public_jobs_jserp-result_search-card
Senior QA (Cypress),Capgemini Engineering,"Tunis, Tunisia",https://tn.linkedin.com/jobs/view/senior-qa-cypress-at-capgemini-engineering-3920632825?position=2&pageNum=17&refId=m%2Fh5XouA4CEnW7Vq0ZDAgg%3D%3D&trackingId=9%2FA%2FgjXVzeIddVjuJmBckg%3D%3D&trk=public_jobs_jserp-result_search-card
